repositoryGitHubSlug,npmPackageName,patchedVersion,patchedVersionReleaseDate
MoOx/reduce-css-calc,reduce-css-calc,1.2.5,2016-08-22T06:01:52.789Z
fastify/fastify-multipart,fastify-multipart,1.0.5,2020-02-17T09:56:19.783Z
mde/ejs,ejs,2.5.5,2016-12-06T08:05:37.961Z
brianloveswords/node-jws,jws,3.0.0,2015-04-08T15:21:54.795Z
knowledgecode/date-and-time,date-and-time,0.14.2,2020-12-24T12:38:31.267Z
justmoon/node-extend,extend,3.0.2,2018-07-19T20:28:11.447Z
twbs/bootstrap-sass,bootstrap-sass,3.4.1,2019-02-13T19:00:53.692Z
apiaryio/pitboss,pitboss-ng,2.0.0,2019-11-26T11:42:42.892Z
epeli/underscore.string,underscore.string,3.3.5,2018-10-04T18:21:31.914Z
SimbCo/httpster,httpster,1.1.0,2020-11-20T00:30:23.257Z
highcharts/highcharts-dist,highcharts,6.1.0,2018-04-13T08:58:30.239Z
node-js-libs/cli,cli,1.0.0,2016-08-16T20:37:39.823Z
docsifyjs/docsify,docsify,4.11.4,2020-06-18T18:22:02.216Z
Shopify/koa-shopify-auth,@shopify/koa-shopify-auth,3.1.63,2020-05-25T12:31:59.777Z
sockjs/sockjs-node,sockjs,0.3.20,2020-03-09T19:54:54.000Z
DylanVann/react-native-fast-image,react-native-fast-image,8.3.0,2020-07-17T05:29:37.531Z
git://git.coolaj86.com/coolaj86/atob.js,atob,2.1.0,2018-03-28T04:26:16.338Z
emojione/emojione,emojione,1.3.1,2015-04-13T23:04:35.465Z
scravy/node-macaddress,macaddress,0.2.9,2018-06-23T23:05:41.235Z
gemini-testing/png-img,png-img,3.1.0,2020-11-02T21:47:28.669Z
yargs/yargs-parser,yargs-parser,15.0.1,2020-03-13T20:56:48.713Z
riot/compiler,riot-compiler,2.3.22,2016-01-24T07:38:24.258Z
samdenty99/console-feed,console-feed,2.8.10,2019-07-22T19:56:13.167Z
dojo/dojo,dojo,1.13.1,2018-08-13T04:36:33.807Z
conventional-changelog/standard-version,standard-version,8.0.1,2020-07-12T08:12:55.121Z
zeit/serve-handler,serve-handler,5.0.3,2018-09-24T17:06:25.170Z
scullyio/scully/tree/main/libs/scully,@scullyio/scully,1.0.9,2020-12-24T17:53:18.553Z
eslint/eslint-scope,eslint-scope,4.0.0,2018-06-21T20:41:41.408Z
waysact/webpack-subresource-integrity,webpack-subresource-integrity,1.5.1,2020-10-18T05:47:23.661Z
nicolaskruchten/pivottable,pivottable,2.0.0,2015-11-22T20:39:03.078Z
node-modules/byte,byte,1.4.1,2018-05-15T03:17:05.166Z
puppeteer/puppeteer,puppeteer,1.13.0,2019-03-05T02:41:54.514Z
jsreport/jsreport,jsreport,2.6.0,2019-09-20T18:34:43.930Z
actions/http-client,@actions/http-client,1.0.8,2020-04-23T21:12:11.333Z
dojo/dojox,dojox,1.12.8,2020-03-10T14:53:57.027Z
manuelstofer/json-pointer,json-pointer,0.6.1,2020-09-24T14:09:31.470Z
Macil/browserify-hmr,browserify-hmr,0.4.0,2019-09-29T06:57:02.266Z
gruntjs/grunt,grunt,1.3.0,2020-08-18T19:48:42.957Z
isaacs/chownr,chownr,1.1.0,2018-09-16T00:23:19.205Z
moappi/json2html,node-json2html,1.2.0,2018-02-09T21:01:09.910Z
korzio/djv,djv,2.1.4,2020-12-27T12:05:34.448Z
dojo/dijit,dijit,1.13.8,2020-06-13T12:49:42.484Z
MichalLytek/type-graphql,type-graphql,0.17.6,2019-12-21T20:45:20.643Z
SunilWang/node-os-utils,node-os-utils,1.1.0,2019-10-25T02:51:51.953Z
3rd-Eden/useragent,useragent,2.1.13,2017-03-27T10:58:22.182Z
substack/node-shell-quote,shell-quote,1.6.1,2016-06-17T20:43:12.824Z
appium/appium-chromedriver,appium-chromedriver,2.9.4,2016-11-04T16:58:15.517Z
Clever/saml2,saml2-js,2.0.5,2019-10-16T21:37:52.519Z
tinymce/tinymce-dist,tinymce,5.1.4,2019-12-11T03:56:43.034Z
highlightjs/highlight.js,highlight.js,9.18.2,2020-07-28T14:47:18.247Z
mhart/StringStream,stringstream,0.0.6,2018-05-17T10:22:37.212Z
mafintosh/tar-fs,tar-fs,1.16.2,2018-04-30T12:42:52.997Z
amark/gun,gun,0.2019.416,2019-04-17T00:47:05.810Z
nodemailer/nodemailer,nodemailer,6.4.16,2020-11-12T08:03:58.990Z
yeikos/js.merge,merge,1.2.1,2018-10-27T17:35:18.430Z
C2FO/fast-csv,fast-csv,4.3.6,2020-12-04T05:57:48.969Z
josdejong/jsoneditor,jsoneditor,9.0.2,2020-07-01T09:10:00.419Z
knockout/knockout,knockout,3.5.0,2019-02-21T08:06:05.437Z
unshiftio/millisecond,millisecond,0.1.2,2015-11-20T12:32:12.803Z
unshiftio/querystringify,querystringify,2.0.0,2018-04-19T13:35:42.728Z
floridoo/concat-with-sourcemaps,concat-with-sourcemaps,1.0.6,2018-04-27T11:50:39.246Z
ioBroker/ioBroker.js-controller,iobroker.js-controller,2.0.25,2019-10-11T06:06:33.287Z
IonicaBizau/node-gry,gry,6.0.0,2020-04-20T12:12:35.102Z
showdownjs/showdown,showdown,1.9.1,2019-11-02T23:09:28.799Z
jonschlinkert/randomatic,randomatic,3.0.0,2017-12-28T22:58:29.373Z
LionC/express-basic-auth,express-basic-auth,1.1.7,2019-04-22T21:37:27.963Z
knsv/mermaid,mermaid,8.2.3,2019-07-22T12:25:30.291Z
caolan/forms,forms,1.3.0,2016-11-16T06:37:18.338Z
kelektiv/node.bcrypt.js,bcrypt,5.0.0,2020-06-08T10:01:24.007Z
medialize/URI.js,urijs,1.19.4,2020-12-23T15:55:59.205Z
jwtk/njwt,njwt,1.0.0,2019-03-01T19:24:49.840Z
kpdecker/jsdiff,diff,3.5.0,2018-03-05T04:22:54.209Z
protobufjs/protobuf.js,protobufjs,5.0.3,2018-05-16T09:21:38.056Z
faisalman/ua-parser-js,ua-parser-js,0.7.22,2020-09-12T09:15:07.793Z
probablyup/markdown-to-jsx,markdown-to-jsx,6.11.4,2020-05-22T05:25:05.817Z
youzan/vant,vant,2.1.8,2019-08-29T12:43:45.359Z
airtable/airtable.js,airtable,0.7.2,2019-10-28T20:04:37.027Z
endojs/endo,ses,0.6.3,2019-10-02T19:18:11.922Z
npm/node-semver,semver,4.3.2,2015-03-27T01:26:08.892Z
auth0/node-auth0,auth0,2.27.1,2020-07-24T16:04:55.038Z
mongodb/node-mongodb-native,mongodb,3.1.13,2019-01-23T19:33:22.072Z
mmckegg/notevil,notevil,1.3.2,2019-08-29T06:09:16.148Z
Trott/trim,trim,0.0.3,2020-11-05T00:06:16.543Z
restify/node-restify,restify,4.1.0,2016-05-23T23:44:28.230Z
auth0/passport-wsfed-saml2,passport-wsfed-saml2,3.0.5,2017-12-22T17:26:00.218Z
jakubpawlowicz/clean-css,clean-css,4.1.11,2018-03-06T13:54:15.390Z
MithrilJS/mithril.js,mithril,1.1.7,2019-09-23T21:07:38.979Z
Nozbe/WatermelonDB,@nozbe/watermelondb,0.15.1,2020-06-03T12:11:47.007Z
bpmn-io/diagram-js-direct-editing,diagram-js-direct-editing,1.4.3,2019-06-13T06:44:27.207Z
jcubic/jquery.terminal,jquery.terminal,1.21.0,2018-08-26T12:27:33.126Z
hughsk/flat,flat,5.0.1,2020-08-06T15:18:07.976Z
unshiftio/url-parse,url-parse,1.4.3,2018-07-29T12:44:10.337Z
sindresorhus/mem,mem,4.0.0,2018-08-27T17:33:38.386Z
apache/cordova-plugin-inappbrowser,cordova-plugin-inappbrowser,3.1.0,2019-07-11T15:49:22.430Z
mathjax/MathJax,mathjax,2.7.4,2018-04-04T13:00:05.167Z
browserify/static-eval,static-eval,2.0.0,2017-10-05T08:59:06.417Z
ipfs/aegir,aegir,21.10.1,2020-05-05T17:32:55.500Z
nuxt-community/devalue,@nuxt/devalue,1.2.3,2019-04-14T20:44:52.839Z
verdaccio/verdaccio,verdaccio,3.12.0,2019-05-17T15:06:42.126Z
standard-things/esm,esm,3.1.0,2019-01-16T16:10:53.006Z
zamotany/logkitty,logkitty,0.7.1,2020-04-07T09:43:24.073Z
electron/electron,electron,7.2.4,2020-04-29T20:38:08.932Z
auth0/auth0.js,auth0-js,9.13.2,2020-04-09T08:47:41.888Z
jonschlinkert/kind-of,kind-of,6.0.3,2020-01-16T16:59:19.808Z
vesse/node-ldapauth-fork,ldapauth-fork,2.3.3,2015-08-14T07:51:59.870Z
micromatch/braces,braces,2.3.1,2018-02-18T04:16:49.881Z
senecajs/seneca,seneca,3.9.0,2019-05-06T15:47:28.934Z
mqttjs/MQTT.js,mqtt,1.0.0,2015-01-13T09:31:14.057Z
hokaccha/node-jwt-simple,jwt-simple,0.5.3,2018-09-20T04:00:22.429Z
npm/bin-links,bin-links,1.1.6,2019-12-11T18:49:05.771Z
aldeed/simpl-schema,simpl-schema,1.10.2,2020-10-06T19:23:24.685Z
garycourt/uri-js,uri-js,3.0.0,2017-03-24T14:45:54.970Z
expressjs/serve-static,serve-static,1.7.2,2015-01-03T04:35:34.564Z
hapijs/content,content,3.0.7,2018-03-01T09:06:06.637Z
nodeca/js-yaml,js-yaml,3.13.0,2019-03-20T19:16:31.897Z
joyent/node-sshpk,sshpk,1.14.1,2018-03-13T00:12:08.258Z
buefy/buefy,buefy,0.7.2,2019-01-16T22:55:47.016Z
auth0/express-jwt,express-jwt,6.0.0,2020-06-29T19:46:41.838Z
ipfs/js-libp2p-secio,libp2p-secio,0.9.0,2018-01-07T16:27:01.152Z
sonicdoe/detect-character-encoding,detect-character-encoding,0.3.1,2017-03-10T16:52:16.777Z
felixrieseberg/windows-build-tools,windows-build-tools,1.0.0,2016-12-22T20:23:41.878Z
remy/undefsafe,undefsafe,2.0.3,2020-02-17T18:56:26.726Z
kevva/decompress,decompress,4.2.1,2020-04-01T14:00:54.980Z
christian-bromann/rgb2hex,rgb2hex,0.1.6,2018-07-05T09:41:39.684Z
codecov/codecov-node,codecov,3.6.2,2020-01-23T05:27:15.288Z
giggio/node-chromedriver,chromedriver,2.26.1,2016-12-20T16:59:36.759Z
juliangruber/brace-expansion,brace-expansion,1.1.7,2017-04-07T08:13:51.907Z
josdejong/typed-function,typed-function,0.10.6,2017-11-18T19:17:15.048Z
pofider/node-script-manager,script-manager,0.9.0,2019-08-27T19:15:18.694Z
mathisonian/command-exists,command-exists,1.2.4,2018-04-12T23:17:57.956Z
npm/node-tar,tar,2.2.2,2019-05-15T00:44:22.633Z
pillarjs/send,send,0.11.1,2015-01-20T16:27:08.360Z
rse/node-prince,prince,1.4.7,2017-12-22T09:11:41.684Z
chartjs/Chart.js,chart.js,2.9.4,2020-10-18T18:24:37.338Z
ioBroker/ioBroker.admin,iobroker.admin,3.6.12,2019-11-03T23:32:35.129Z
mapbox/mapbox.js,mapbox.js,1.6.5,2015-04-08T23:27:50.416Z
tngan/samlify,samlify,2.3.0,2017-09-22T16:15:14.675Z
sass/node-sass,node-sass,4.13.1,2020-01-16T12:47:40.307Z
webtorrent/webtorrent,webtorrent,0.107.6,2019-08-27T21:07:25.567Z
ipfs/js-ipns,ipns,0.1.3,2018-08-23T07:54:13.085Z
totaljs/framework,total.js,3.2.3,2019-02-20T14:30:38.680Z
salvoravida/react-adal,react-adal,0.5.1,2020-12-18T08:53:02.321Z
kjur/jsrsasign,jsrsasign,8.0.17,2020-06-19T14:38:21.547Z
broofa/mime,mime,2.0.3,2017-09-25T18:38:39.500Z
plotly/plotly.js,plotly.js,1.16.0,2016-08-04T18:49:18.362Z
select2/select2,select2,4.0.6,2019-04-28T03:21:35.012Z
expressjs/serve-index,serve-index,1.6.3,2015-03-14T05:24:28.356Z
SAP/cloud-sdk-js,@sap-cloud-sdk/core,1.21.2,2020-06-11T08:20:22.639Z
tiaanduplessis/kill-port,kill-port,1.3.2,2018-09-11T05:49:16.636Z
ZJONSSON/node-unzipper,unzipper,0.8.13,2018-04-16T13:37:08.895Z
ljharb/qs,qs,6.1.2,2017-03-06T16:50:51.782Z
parse-community/Parse-SDK-JS,parse,2.10.0,2019-12-03T06:25:06.418Z
cisco/node-jose,node-jose,0.9.3,2017-02-20T19:00:32.910Z
abodelot/jquery.json-viewer,jquery.json-viewer,1.3.0,2019-07-04T12:31:57.231Z
brianleroux/tiny-json-http,tiny-json-http,7.0.0,2018-02-15T01:30:51.970Z
ain/smartbanner.js,smartbanner.js,1.14.1,2019-09-11T21:46:30.292Z
simonh1000/angular-http-server,angular-http-server,1.6.0,2018-10-13T06:48:24.511Z
diegohaz/querymen,querymen,2.1.4,2020-03-12T17:18:49.242Z
AzureAD/passport-azure-ad,passport-azure-ad,1.4.6,2016-08-24T19:59:59.710Z
locutusjs/locutus,locutus,2.0.12,2020-09-03T10:56:51.379Z
vercel/serve,serve,6.5.2,2018-03-05T18:23:40.107Z
c3js/c3,c3,0.4.11,2016-05-04T01:39:47.480Z
commenthol/serialize-to-js,serialize-to-js,3.0.1,2019-12-06T17:17:45.180Z
firebase/firebase-js-sdk,@firebase/util,0.3.4,2020-11-05T20:26:55.715Z
sindresorhus/dot-prop,dot-prop,4.2.1,2020-08-16T11:13:03.636Z
peterbraden/node-opencv,opencv,6.1.0,2019-03-20T08:55:43.340Z
shinnn/rate-map,rate-map,1.0.5,2019-07-09T10:32:38.325Z
ForbesLindesay/constantinople,constantinople,3.1.1,2018-02-09T23:40:07.327Z
thenables/thenify,thenify,3.3.1,2020-06-17T17:30:57.152Z
pveyes/htmr,htmr,0.8.7,2020-02-01T02:22:33.295Z
strikeentco/set,@strikeentco/set,1.0.1,2020-10-29T12:53:17.608Z
mikaelbr/node-notifier,node-notifier,8.0.1,2020-12-15T15:33:50.959Z
vdemedes/secure-compare,secure-compare,3.0.1,2015-03-30T22:10:32.432Z
mariocasciaro/object-path,object-path,0.11.5,2020-10-10T16:48:50.597Z
cthackers/adm-zip,adm-zip,0.4.11,2018-05-12T22:25:40.736Z
keystonejs/keystone,keystone,0.3.16,2015-12-04T02:49:01.091Z
grpc/grpc-node/tree/master/packages/grpc-js,@grpc/grpc-js,1.1.8,2020-10-28T20:33:09.803Z
visionmedia/superagent,superagent,3.7.0,2017-10-19T13:31:10.588Z
expressjs/method-override,method-override,2.3.10,2017-09-27T13:52:17.920Z
mysticatea/eslint-utils,eslint-utils,1.4.1,2019-08-20T10:23:20.663Z
mikeal/tunnel-agent,tunnel-agent,0.6.0,2017-03-05T00:30:01.500Z
ensdomains/ens,@ensdomains/ens,0.4.0,2020-01-30T01:30:38.527Z
yarnpkg/yarn,yarn,1.17.3,2019-07-12T15:28:44.271Z
websockets/ws,ws,3.3.1,2017-11-08T16:58:34.343Z
lodash/lodash,lodash,4.17.11,2018-09-12T18:32:16.141Z
mongodb/js-bson,bson,1.1.4,2020-03-24T11:56:37.931Z
hapijs/call,call,3.0.2,2016-07-04T04:14:37.707Z
ajv-validator/ajv,ajv,6.12.3,2020-07-04T16:02:12.780Z
mrodrig/doc-path,doc-path,2.1.2,2020-10-06T02:48:51.025Z
ionic-team/cordova-plugin-ionic-webview,cordova-plugin-ionic-webview,2.2.0,2018-10-04T22:40:20.350Z
GitbookIO/gitbook,gitbook,3.2.2,2016-10-01T20:37:51.549Z
jquense/expr,property-expr,2.0.3,2020-08-17T17:34:50.591Z
ashaffer/cached-path-relative,cached-path-relative,1.0.2,2018-11-07T17:15:26.426Z
Khan/simple-markdown,simple-markdown,0.5.2,2019-08-31T22:22:42.667Z
strongloop/loopback,loopback,2.42.0,2019-06-04T17:45:17.255Z
coderaiser/node-restafary,restafary,1.6.1,2016-03-25T19:45:03.766Z
isaacs/ini,ini,1.3.6,2020-12-08T23:45:49.209Z
quilljs/quill,quill,1.3.7,2019-09-09T07:15:57.127Z
markdown-it/markdown-it,markdown-it,3.0.0,2015-01-04T13:17:00.050Z
isaacs/minimatch,minimatch,3.0.2,2016-06-17T20:13:02.079Z
ExactTarget/fuelux,fuelux,3.15.7,2016-09-15T16:05:14.720Z
yaronn/xml-crypto,xml-crypto,2.0.0,2020-10-05T17:00:33.689Z
westy92/html-pdf-chrome,html-pdf-chrome,0.6.1,2020-08-15T03:50:39.236Z
jsreport/jsreport-chrome-pdf,jsreport-chrome-pdf,1.10.0,2020-11-04T10:21:06.276Z
mikaelbr/mversion,mversion,2.0.1,2020-06-30T17:48:24.842Z
yahoo/serialize-javascript,serialize-javascript,3.1.0,2020-05-28T11:37:37.428Z
awspilot/cli-lambda-deploy,aws-lambda,1.0.5,2020-01-06T17:28:27.673Z
webtorrent/bittorrent-dht,bittorrent-dht,5.1.3,2016-01-02T16:09:46.640Z
webpack-contrib/webpack-bundle-analyzer,webpack-bundle-analyzer,3.3.2,2019-04-11T14:30:57.414Z
balderdashy/waterline-sequel,waterline-sequel,0.5.1,2015-11-17T16:49:56.154Z
silverwind/droppy,droppy,3.5.0,2015-10-12T18:41:34.073Z
schnittstabil/merge-options,merge-options,1.0.1,2018-04-30T09:22:41.458Z
jonschlinkert/assign-deep,assign-deep,0.4.8,2019-06-25T17:47:22.729Z
valeriangalliat/markdown-it-highlightjs,markdown-it-highlightjs,3.3.1,2020-11-15T23:21:15.739Z
mongo-express/mongo-express,mongo-express,0.54.0,2019-12-24T17:19:55.533Z
douglascrockford/JSON-js,json,10.0.0,2020-08-28T22:51:56.917Z
kucherenko/blamer,blamer,1.0.1,2020-03-09T13:49:29.930Z
driverdan/node-XMLHttpRequest,xmlhttprequest,1.7.0,2015-01-09T03:38:00.130Z
npm/ssri,ssri,5.2.2,2018-02-14T20:38:05.178Z
cloudcmd/console-io,console-io,2.3.0,2015-09-29T14:24:38.681Z
angular/angular.js,angular,1.7.9,2019-11-19T09:30:03.381Z
visjs/vis-timeline,vis-timeline,7.4.4,2020-12-20T13:51:37.460Z
yargs/y18n,y18n,4.0.1,2020-11-30T23:43:34.811Z
ckeditor/ckeditor4-releases,ckeditor4,4.15.1,2020-11-09T14:25:45.128Z
salesforce/tough-cookie,tough-cookie,2.3.0,2016-07-21T18:44:18.142Z
jshttp/fresh,fresh,0.5.2,2017-09-14T05:03:12.205Z
acornjs/acorn,acorn,7.1.1,2020-03-01T12:39:27.836Z
sidorares/json-bigint,json-bigint,1.0.0,2020-07-14T11:29:39.282Z
shinnn/load-from-cwd-or-npm,load-from-cwd-or-npm,3.0.4,2019-07-09T04:38:50.272Z
alanshaw/markdown-pdf,markdown-pdf,9.0.0,2018-07-16T08:32:22.703Z
mithunsatheesh/node-rules,node-rules,5.0.0,2020-03-16T13:55:47.944Z
aheckmann/gm,gm,1.21.1,2015-10-26T20:48:56.709Z
mongodb-js/kerberos,kerberos,1.0.0,2018-08-15T17:23:01.477Z
ckeditor/ckeditor-releases,ckeditor,4.11.0,2018-11-07T15:12:54.093Z
nprapps/pym.js,pym.js,1.3.2,2018-02-13T17:50:02.072Z
bitinn/node-fetch,node-fetch,2.6.1,2020-09-05T13:00:44.110Z
thgh/rollup-plugin-serve,rollup-plugin-serve,1.0.2,2020-07-17T09:58:48.155Z
froala/wysiwyg-editor-release,froala-editor,3.2.3,2020-10-29T15:58:48.434Z
delvedor/find-my-way,find-my-way,2.2.5,2020-11-06T17:53:20.860Z
medfreeman/markdown-it-toc-and-anchor,markdown-it-toc-and-anchor,4.2.0,2019-01-01T22:07:57.687Z
steveukx/properties,properties-reader,2.2.0,2020-12-30T07:04:23.740Z
http-party/node-http-proxy,http-proxy,1.18.1,2020-05-17T21:27:32.770Z
TryGhost/Ghost,ghost,3.10.0,2020-03-09T10:56:07.247Z
uNetworking/uWebSockets.js,uws,0.10.9,2016-10-13T22:08:46.282Z
dominictarr/event-stream,event-stream,4.0.0,2018-09-16T11:20:20.938Z
borismoore/jsrender,jsrender,0.9.74,2016-03-20T18:29:31.072Z
hectorm/otpauth,otpauth,3.2.8,2019-07-22T16:42:50.784Z
balderdashy/sails,sails,0.12.7,2016-10-05T23:35:16.745Z
mbraak/jqtree,jqtree,1.3.4,2016-07-18T07:42:25.838Z
hapijs/accept,@hapi/accept,5.0.1,2020-02-13T06:08:32.594Z
richardgirges/express-fileupload,express-fileupload,1.1.9,2020-07-31T13:00:54.326Z
ipfs/js-ipfs-bitswap,ipfs-bitswap,0.24.1,2019-05-30T12:26:33.253Z
patriksimek/vm2,vm2,3.6.11,2019-04-07T23:52:19.359Z
ioBroker/ioBroker.web,iobroker.web,2.4.10,2019-11-09T18:27:23.150Z
electron/electron-packager,electron-packager,7.0.0,2016-04-18T03:18:18.659Z
keycloak/keycloak-nodejs-connect,keycloak-connect,3.1.0,2017-05-03T08:39:06.127Z
pkrumins/node-tree-kill,tree-kill,1.2.2,2019-12-11T18:34:21.876Z
tdanecker/node-unicodetable,unicode,9.0.0,2017-04-04T10:15:26.589Z
wdavidw/node-csv-parse,csv-parse,4.4.6,2019-09-17T20:46:28.230Z
jhipster/generator-jhipster,generator-jhipster,6.3.0,2019-09-13T16:02:15.546Z
node-red/node-red-dashboard,node-red-dashboard,2.17.0,2019-10-03T20:31:46.027Z
doasync/eslint-config-airbnb-standard,eslint-config-airbnb-standard,2.1.0,2018-07-12T14:11:16.173Z
alexindigo/deeply,deeply,3.1.0,2019-06-27T07:11:57.927Z
florianholzapfel/express-restify-mongoose,express-restify-mongoose,2.5.0,2016-02-26T18:19:54.615Z
aFarkas/lazysizes,lazysizes,5.2.1,2020-05-25T13:53:51.273Z
pillarjs/resolve-path,resolve-path,1.4.0,2018-02-13T19:31:55.011Z
DataTables/Dist-DataTables,datatables.net,1.10.22,2020-09-18T15:16:11.267Z
bpmn-io/diagram-js,diagram-js,3.3.1,2019-06-13T08:13:17.047Z
knex/knex,knex,0.19.5,2019-10-06T21:28:57.194Z
dperini/nwmatcher,nwmatcher,1.4.4,2018-03-17T00:24:13.547Z
parse-community/parse-server,parse-server,3.6.0,2019-07-11T13:47:05.329Z
bpmn-io/bpmn-js-properties-panel,bpmn-js-properties-panel,0.31.0,2019-06-21T11:47:01.869Z
tobli/alto-saxophone,alto-saxophone,2.25.1,2016-11-01T07:06:14.250Z
joaquimserafim/base64-url,base64-url,2.0.0,2017-08-17T22:19:55.249Z
hapijs/hoek,hoek,4.2.1,2018-02-15T16:47:47.274Z
myshenin/aws-lambda-multipart-parser,aws-lambda-multipart-parser,0.1.2,2018-03-04T06:27:05.681Z
socketio/engine.io-client,engine.io-client,1.6.9,2016-05-03T03:54:19.472Z
angus-c/just,just-extend,4.0.0,2018-10-30T01:34:39.339Z
claygifford/pm-controls,pm-controls,1.1.7,2018-02-09T22:17:02.016Z
eugeneware/jpeg-js,jpeg-js,0.4.0,2020-04-23T14:07:37.737Z
indutny/elliptic,elliptic,6.5.3,2020-06-18T15:32:46.559Z
request/request,request,2.68.0,2016-01-27T16:20:27.766Z
mcollina/mosca,mosca,2.8.2,2018-06-02T14:20:39.703Z
node-red/node-red,node-red,0.20.8,2019-09-06T09:33:45.227Z
firebase/superstatic,superstatic,5.0.2,2018-06-26T15:42:35.782Z
mafintosh/is-my-json-valid,is-my-json-valid,1.4.1,2015-01-11T18:42:59.045Z
ng-packagr/ng-packagr,ng-packagr,10.1.1,2020-09-25T12:00:56.602Z
apache/openwhisk-client-js,openwhisk,3.3.1,2017-03-02T07:42:23.375Z
groupon/selenium-download,selenium-download,2.0.7,2016-11-02T21:05:11.058Z
commenthol/safer-eval,safer-eval,1.3.2,2019-03-09T21:09:19.319Z
maticzav/graphql-shield,graphql-shield,6.0.6,2019-08-26T08:23:00.875Z
jonschlinkert/mixin-deep,mixin-deep,2.0.1,2019-06-19T17:47:14.541Z
vvo/node-whereis,whereis,0.4.1,2018-03-26T13:21:57.052Z
brianloveswords/base64url,base64url,3.0.0,2018-05-15T18:15:21.788Z
rhalff/dot-object,dot-object,2.1.3,2020-02-16T18:16:46.464Z
node-modules/charset,charset,1.0.1,2017-09-07T03:00:30.260Z
faye/websocket-extensions-node,websocket-extensions,0.1.4,2020-06-02T13:00:09.535Z
expressjs/morgan,morgan,1.9.1,2018-09-11T01:12:35.037Z
moscajs/aedes,aedes,0.35.1,2018-08-07T07:21:18.162Z
codemirror/CodeMirror,codemirror,5.58.2,2020-10-23T19:27:21.948Z
strongloop/node-foreman,foreman,3.0.1,2018-06-28T20:41:09.032Z
SLMNBJ/selectize-plugin-a11y,selectize-plugin-a11y,1.1.0,2019-07-26T07:39:52.552Z
naptha/tesseract.js,tesseract.js,1.0.19,2019-05-14T03:57:17.128Z
kevlened/msrCrypto,msrcrypto,1.5.8,2020-01-30T21:01:06.697Z
substack/minimist,minimist,1.2.3,2020-03-10T19:08:24.657Z
aheckmann/mpath,mpath,0.5.1,2018-08-30T15:54:57.027Z
handsontable/formula-parser,hot-formula-parser,3.0.1,2019-04-19T12:11:06.780Z
nfriedly/node-bestzip,bestzip,2.1.7,2020-09-02T02:02:48.331Z
sindresorhus/decamelize,decamelize,1.1.2,2015-12-23T01:05:36.047Z
danang-id/simple-crypto-js,simple-crypto-js,2.3.0,2020-05-08T09:54:11.174Z
eslint/eslint,eslint,4.18.2,2018-03-02T20:20:51.390Z
geddy/geddy,geddy,13.0.8,2015-07-27T19:24:49.246Z
balderdashy/sails-hook-sockets,sails-hook-sockets,1.5.5,2018-09-23T21:39:14.382Z
skoranga/node-connection-tester,connection-tester,0.2.1,2020-12-16T16:56:32.132Z
socketio/socket.io-parser,socket.io-parser,3.4.1,2020-05-13T06:00:12.181Z
voxpelli/node-connect-pg-simple,connect-pg-simple,6.0.1,2019-08-21T21:23:38.805Z
nicolaspearson/grpc.ts.health.check,grpc-ts-health-check,2.0.0,2019-08-03T17:27:37.721Z
selfcontained/deap,deap,1.0.1,2018-03-05T16:02:27.330Z
jfhbrook/node-ecstatic,ecstatic,2.0.0,2016-08-09T17:45:43.136Z
tanem/react-svg,react-svg,2.2.18,2018-04-21T22:51:52.124Z
keycloak/keycloak,keycloak-js,3.1.0,2017-05-03T08:35:00.180Z
TooTallNate/node-http-proxy-agent,http-proxy-agent,2.1.0,2018-03-03T23:49:40.465Z
mishoo/UglifyJS,uglify-js,2.4.24,2015-07-22T13:59:00.052Z
mooz/node-pdf-image,pdf-image,2.0.0,2018-05-07T14:10:46.545Z
unclechu/node-deep-extend,deep-extend,0.5.1,2018-04-28T11:09:48.953Z
Trott/slug,slug,0.9.2,2018-10-25T05:43:05.877Z
skoranga/node-dns-sync,dns-sync,0.1.3,2015-05-29T20:53:47.879Z
dimpu/ngx-md,ngx-md,6.0.3,2018-09-20T02:25:14.463Z
typestack/class-transformer,class-transformer,0.3.1,2020-07-29T22:09:18.147Z
apache/cordova-android,cordova-android,6.0.0,2016-10-24T19:22:23.857Z
jonschlinkert/remarkable,remarkable,1.7.0,2016-09-27T06:28:21.461Z
jonschlinkert/set-value,set-value,3.0.1,2019-06-19T18:08:54.141Z
renovatebot/renovate,renovate,19.38.7,2019-09-06T21:00:09.413Z
xtermjs/xterm.js,xterm,3.9.2,2019-01-08T16:19:30.382Z
jshttp/negotiator,negotiator,0.6.1,2016-05-03T04:47:29.814Z
coolaj86/node-jquery,jquery,3.4.0,2019-04-10T19:53:06.430Z
typeorm/typeorm,typeorm,0.2.25,2020-05-19T17:02:28.610Z
olado/doT,dot,1.1.3,2019-12-07T16:50:13.244Z
i18next/i18next,i18next,1.10.3,2015-07-17T07:39:55.611Z
brockpetrie/vue-moment,vue-moment,4.1.0,2019-12-22T11:33:12.026Z
Automattic/mongoose,mongoose,3.8.39,2016-01-15T19:35:45.963Z
isaacs/st,st,1.2.2,2017-10-13T05:08:24.873Z
MrRio/jsPDF,jspdf,2.0.0,2020-08-11T08:55:33.515Z
frenchbread/private-ip,private-ip,2.0.0,2020-11-23T12:29:23.303Z
nhn/tui.editor,@toast-ui/editor,2.2.0,2020-06-16T07:02:45.815Z
googleapis/google-api-nodejs-client,googleapis,39.1.0,2019-03-28T23:51:44.305Z
snapappointments/bootstrap-select,bootstrap-select,1.13.6,2019-03-09T02:09:07.600Z
react-native-webview/react-native-webview,react-native-webview,11.0.0,2020-11-24T17:20:30.773Z
jonschlinkert/defaults-deep,defaults-deep,0.2.4,2018-02-07T16:53:09.582Z
vercel/next.js,next,7.0.2,2018-10-11T15:21:16.077Z
broofa/node-uuid,node-uuid,1.4.4,2015-11-12T01:29:51.514Z
infor-design/enterprise,ids-enterprise,4.18.2,2019-06-10T16:06:39.269Z
Atinux/schema-inspector,schema-inspector,1.6.9,2020-01-20T15:08:35.020Z
openpgpjs/openpgpjs,openpgp,4.2.0,2018-11-05T13:15:06.429Z
jwadhams/json-logic-js,json-logic-js,2.0.0,2020-11-09T20:29:08.670Z
TooTallNate/node-https-proxy-agent,https-proxy-agent,2.2.0,2018-03-03T19:34:45.914Z
janl/mustache.js,mustache,2.2.1,2015-12-13T11:06:56.462Z
twbs/bootstrap,bootstrap,4.1.2,2018-07-12T16:38:44.910Z
friedrith/node-wifi,node-wifi,2.0.12,2019-09-06T12:44:44.250Z
Dexus/pem,pem,1.13.2,2018-10-26T21:26:54.079Z
semantic-release/semantic-release,semantic-release,17.2.3,2020-11-16T21:34:28.093Z
markedjs/marked,marked,0.3.3,2015-01-25T23:54:47.041Z
mholt/PapaParse,papaparse,5.2.0,2020-04-02T13:16:39.074Z
kellyselden/git-diff-apply,git-diff-apply,0.22.2,2020-01-06T12:25:15.567Z
PrismJS/prism,prismjs,1.23.0,2020-12-31T18:46:58.434Z
axios/axios,axios,0.18.1,2019-06-01T00:46:36.277Z
tsedio/tsed,@tsed/core,5.65.7,2020-10-18T06:51:17.335Z
npm/fstream,fstream,1.0.12,2019-05-15T00:38:18.821Z
aerospike/aerospike-client-nodejs,aerospike,2.4.2,2016-11-10T09:53:49.194Z
fomantic/Fomantic-UI,fomantic-ui,2.7.0,2018-12-21T19:49:35.608Z
eggjs/egg-scripts,egg-scripts,2.8.1,2018-08-19T04:41:03.102Z
mozilla/nunjucks,nunjucks,2.4.3,2016-09-07T16:39:10.319Z
Automattic/node-canvas,canvas,1.6.11,2018-05-15T11:46:25.979Z
jquery/jquery-ui,jquery-ui,1.12.0,2016-07-08T17:14:57.015Z
vercel/ms,ms,0.7.1,2015-04-20T23:38:57.957Z
npm/npm-user-validate,npm-user-validate,1.0.1,2020-10-15T22:46:45.322Z
mqttjs/mqtt-packet,mqtt-packet,5.6.1,2019-04-17T22:57:17.749Z
ipfs/npm-go-ipfs-dep,go-ipfs-dep,0.4.4,2016-10-29T04:55:25.467Z
diegohaz/bodymen,bodymen,1.1.1,2020-02-16T22:19:20.644Z
maxogden/concat-stream,concat-stream,1.3.2,2018-03-01T13:15:54.637Z
peerigon/angular-expressions,angular-expressions,1.0.1,2020-01-23T08:23:31.556Z
mpetroff/pannellum,pannellum,2.5.5,2019-11-22T01:43:11.209Z
auth0/node-jsonwebtoken,jsonwebtoken,4.2.2,2015-03-26T19:45:09.289Z
apostrophecms/sanitize-html,sanitize-html,1.11.4,2016-03-28T15:09:42.779Z
fb55/css-what,css-what,2.1.3,2019-02-14T18:23:18.507Z
brendanashworth/generate-password,generate-password,1.4.1,2018-10-28T17:51:00.573Z
tschaub/grunt-gh-pages,grunt-gh-pages,0.10.0,2015-02-14T16:24:51.007Z
ankane/chartkick.js,chartkick,3.2.0,2019-11-10T00:14:38.771Z
bower/decompress-zip,decompress-zip,0.3.2,2019-01-17T09:44:42.486Z
auth0/lock,auth0-lock,11.21.0,2020-01-30T20:31:54.960Z
strongloop/loopback-connector-mongodb,loopback-connector-mongodb,3.6.0,2018-08-15T15:42:26.938Z
visionmedia/debug,debug,3.1.0,2017-09-26T19:13:51.492Z
segmentio/is-url,is-url,1.2.3,2018-03-20T23:21:51.786Z
hapijs/cryptiles,cryptiles,4.1.2,2018-06-24T04:06:32.375Z
tj/node-growl,growl,1.10.0,2017-07-14T02:30:51.124Z
GoogleChrome/chrome-launcher,chrome-launcher,0.13.2,2020-05-07T18:59:29.284Z
npm/npmconf,npmconf,2.1.3,2018-05-11T22:00:50.786Z
juliushaertl/nextcloud-vue-collections,nextcloud-vue-collections,0.4.2,2019-12-17T09:41:58.150Z
blueimp/jQuery-File-Upload,blueimp-file-upload,9.22.1,2018-10-13T14:30:19.581Z
ibmdb/node-ibm_db,ibm_db,2.6.0,2019-08-19T13:53:08.590Z
dreamerslab/node.extend,node.extend,1.1.7,2018-10-31T00:29:42.739Z
sebhildebrandt/systeminformation,systeminformation,4.26.2,2020-05-19T18:05:31.432Z
coderaiser/cloudcmd,cloudcmd,9.1.6,2018-04-23T14:23:19.136Z
exceljs/exceljs,exceljs,1.6.0,2018-08-02T08:37:37.406Z
ethanent/centra,centra,2.4.0,2019-08-20T01:34:28.827Z
hakimel/reveal.js,reveal.js,3.9.2,2020-01-31T10:14:31.964Z
hinesboy/mavonEditor,mavon-editor,2.8.2,2020-04-05T08:54:25.137Z
jonschlinkert/merge-deep,merge-deep,3.0.1,2018-02-07T16:44:13.060Z
erming/shout,shout,0.50.0,2015-01-22T17:54:02.785Z
microlinkhq/metascraper,metascraper,5.2.0,2019-05-05T14:46:31.756Z
josdejong/mathjs,mathjs,3.17.0,2017-11-18T19:42:48.198Z
actions/toolkit,@actions/core,1.2.6,2020-09-23T16:36:12.398Z
pillys/fs-path,fs-path,0.0.25,2020-10-07T01:48:37.941Z
fastify/fastify,fastify,2.15.1,2020-06-29T12:47:39.063Z
rails/jquery-ujs,jquery-ujs,1.0.4,2015-06-22T09:16:28.955Z
apostrophecms/apostrophe,apostrophe,2.92.0,2019-06-26T18:54:31.905Z
rvagg/bl,bl,1.0.1,2016-01-19T05:32:39.741Z
cure53/DOMPurify,dompurify,2.0.7,2019-10-21T10:02:04.289Z
jshttp/forwarded,forwarded,0.1.2,2017-09-15T02:17:54.232Z
remoteinterview/zero,zero,1.0.6,2019-02-26T17:29:59.246Z
acstll/deep-get-set,deep-get-set,1.1.1,2020-11-01T12:03:20.838Z
sveltejs/sapper,sapper,0.27.11,2020-03-20T12:04:17.286Z
davewasmer/devcert,devcert,1.1.2,2020-07-07T23:33:38.849Z
moment/moment,moment,2.11.2,2016-02-03T22:47:57.749Z
google/closure-library,google-closure-library,20200315.0.0,2020-03-24T02:58:28.226Z
telerik/kendo-angular-editor,@progress/kendo-angular-editor,1.2.3,2020-07-31T06:17:12.147Z
webpack/webpack-dev-server,webpack-dev-server,3.1.11,2018-12-21T18:00:37.787Z
autovance/ftp-srv,ftp-srv,4.4.0,2020-12-16T23:00:01.901Z
barretts/node-iedriver,iedriver,3.0.0,2016-11-11T20:41:46.367Z
aheckmann/mquery,mquery,3.2.3,2020-12-10T20:25:55.598Z
guybedford/devcert,devcert-sanscache,0.4.7,2020-01-08T01:37:05.648Z
khrome/ascii-art,ascii-art,1.4.4,2018-09-05T14:53:12.793Z
jhuckaby/pixl-class,pixl-class,1.0.3,2020-03-11T03:16:28.678Z
bower/bower,bower,1.8.8,2019-01-23T21:25:45.510Z
lukeed/klona,klona,1.1.1,2020-01-16T04:24:46.863Z
digitalbazaar/forge,node-forge,0.10.0,2020-09-02T02:06:56.960Z
soyuka/pidusage,pidusage,1.1.5,2017-05-31T06:18:07.981Z
airbrake/node-airbrake,airbrake,0.4.0,2016-02-23T10:53:39.534Z
vega/vega,vega-util,1.13.1,2020-03-06T11:29:47.523Z
npm/npm-registry-fetch,npm-registry-fetch,4.0.5,2020-06-30T18:35:07.669Z
aws/aws-sdk-js,aws-sdk,2.814.0,2020-12-18T19:20:31.872Z
sequelize/sequelize,sequelize,4.44.3,2019-08-18T12:57:29.484Z
